{"py/object": "rasa_core.featurizers.MaxHistoryTrackerFeaturizer", "state_featurizer": {"py/object": "rasa_core.featurizers.BinarySingleStateFeaturizer", "user_feature_len": 24, "slot_feature_len": 2, "num_features": 71, "input_state_map": {"intent_bye": 0, "intent_compile_error": 1, "intent_fine_ask": 2, "intent_fine_normal": 3, "intent_getting_started": 4, "intent_greet": 5, "intent_greet_ask": 6, "intent_help": 7, "intent_indentationError": 8, "intent_less_than_great_ask": 9, "intent_less_than_great_normal": 10, "intent_nameError": 11, "intent_news": 12, "intent_okay": 13, "intent_pseudocode_tips": 14, "intent_ready": 15, "intent_style_tips": 16, "intent_syntaxError": 17, "intent_thanks": 18, "intent_typeError": 19, "intent_user_says_no": 20, "intent_user_says_yes": 21, "entity_location": 22, "entity_category": 23, "slot_category_0": 24, "slot_location_0": 25, "prev_action_listen": 26, "prev_action_restart": 27, "prev_action_default_fallback": 28, "prev_action_deactivate_form": 29, "prev_action_revert_fallback_events": 30, "prev_action_default_ask_affirmation": 31, "prev_action_default_ask_rephrase": 32, "prev_action_back": 33, "prev_action_get_news": 34, "prev_actions.ActionWeather": 35, "prev_utter_awesome": 36, "prev_utter_greet": 37, "prev_utter_reply": 38, "prev_utter_help": 39, "prev_utter_anything_else": 40, "prev_utter_ofc": 41, "prev_utter_bye": 42, "prev_utter_default": 43, "prev_utter_ask_location": 44, "prev_utter_pseudocode": 45, "prev_utter_pseudocode_tips": 46, "prev_utter_compile_error_help": 47, "prev_utter_get_compiler_error_type": 48, "prev_utter_style_tips": 49, "prev_utter_syntaxError": 50, "prev_utter_syntaxError1": 51, "prev_utter_syntaxError2": 52, "prev_utter_syntaxError3": 53, "prev_utter_syntaxError4": 54, "prev_utter_syntaxError5": 55, "prev_utter_nameError": 56, "prev_utter_nameError1": 57, "prev_utter_nameError2": 58, "prev_utter_nameError3": 59, "prev_utter_indentationError": 60, "prev_utter_indentationError1": 61, "prev_utter_indentationError2": 62, "prev_utter_indentationError3": 63, "prev_utter_typeError": 64, "prev_utter_typeError1": 65, "prev_utter_typeError2": 66, "prev_utter_typeError3": 67, "prev_utter_typeError4": 68, "prev_utter_ready?": 69, "prev_utter_fixed?": 70}}, "use_intent_probabilities": false, "max_history": 3, "remove_duplicates": true}