[
    {
        "text": "thanks",
        "intent": "thanks",
        "intent_prediction": {
            "name": "greet",
            "confidence": 0.23957712404793993
        }
    },
    {
        "text": "okay",
        "intent": "okay",
        "intent_prediction": {
            "name": "fine_normal",
            "confidence": 0.45106798898871114
        }
    },
    {
        "text": "alright",
        "intent": "okay",
        "intent_prediction": {
            "name": "fine_normal",
            "confidence": 0.4235430366782478
        }
    },
    {
        "text": "Sounds good.",
        "intent": "okay",
        "intent_prediction": {
            "name": "fine_normal",
            "confidence": 0.1806267807127209
        }
    }
]