{
  "rasa_nlu_data": {
    "common_examples": [
      {
        "intent": "ready",
        "text": "ready"
      },
      {
        "intent": "ready",
        "text": "I am ready"
      },
      {
        "intent": "ready",
        "text": "i am ready"
      },
      {
        "intent": "ready",
        "text": "I'm ready"
      },
      {
        "intent": "ready",
        "text": "Im ready"
      },
      {
        "intent": "ready",
        "text": "It's ready"
      },
      {
        "intent": "ready",
        "text": "OK ready"
      },
      {
        "intent": "ready",
        "text": "okay ready"
      },
      {
        "intent": "ready",
        "text": "okay im ready"
      },
      {
        "intent": "ready",
        "text": "okay I'm ready"
      },
      {
        "intent": "ready",
        "text": "okay I am ready now"
      },
      {
        "intent": "ready",
        "text": "ready now"
      },
      {
        "intent": "ready",
        "text": "now ready"
      },
      {
        "intent": "greet",
        "text": "hey"
      },
      {
        "intent": "greet",
        "text": "hello"
      },
      {
        "intent": "greet",
        "text": "hi"
      },
      {
        "intent": "greet",
        "text": "Hi"
      },
      {
        "intent": "greet",
        "text": "Heyyyy"
      },
      {
        "intent": "greet",
        "text": "Hiiii"
      },
      {
        "intent": "greet",
        "text": "Good morning"
      },
      {
        "intent": "greet",
        "text": "Good afternoon"
      },
      {
        "intent": "greet",
        "text": "Good evening"
      },
      {
        "intent": "greet",
        "text": "g'day to you"
      },
      {
        "intent": "greet",
        "text": "hewo"
      },
      {
        "intent": "greet",
        "text": "hello to you"
      },
      {
        "intent": "greet",
        "text": "Greetings"
      },
      {
        "intent": "greet",
        "text": "hi there!"
      },
      {
        "intent": "greet",
        "text": "hey there"
      },
      {
        "intent": "greet_ask",
        "text": "hey, how are you?"
      },
      {
        "intent": "greet_ask",
        "text": "Hi, how are you?"
      },
      {
        "intent": "greet_ask",
        "text": "How's it going?"
      },
      {
        "intent": "greet_ask",
        "text": "How goes it?"
      },
      {
        "intent": "greet_ask",
        "text": "What's up?"
      },
      {
        "intent": "greet_ask",
        "text": "How are you?"
      },
      {
        "intent": "greet_ask",
        "text": "whattup"
      },
      {
        "intent": "greet_ask",
        "text": "What's going on?"
      },
      {
        "intent": "greet_ask",
        "text": "What's going on with you?"
      },
      {
        "intent": "fine_ask",
        "text": "I am good, how are you doing?"
      },
      {
        "intent": "fine_ask",
        "text": "I'm fine, how are you?"
      },
      {
        "intent": "fine_ask",
        "text": "I'm good, how are you?"
      },
      {
        "intent": "fine_ask",
        "text": "Good, and you?"
      },
      {
        "intent": "fine_ask",
        "text": "Alright. You?"
      },
      {
        "intent": "fine_ask",
        "text": "Doing well. How are you?"
      },
      {
        "intent": "fine_ask",
        "text": "I'm okay. What about you?"
      },
      {
        "intent": "fine_ask",
        "text": "Good, wbu?"
      },
      {
        "intent": "fine_ask",
        "text": "good wbu"
      },
      {
        "intent": "fine_ask",
        "text": "I am doing well. How are you?"
      },
      {
        "intent": "fine_ask",
        "text": "Well. How is your day?"
      },
      {
        "intent": "fine_ask",
        "text": "can't complain. What about you?"
      },
      {
        "intent": "fine_ask",
        "text": "fine. And you?"
      },
      {
        "intent": "fine_normal",
        "text": "I am doing great"
      },
      {
        "intent": "fine_normal",
        "text": "I'm doing great"
      },
      {
        "intent": "fine_normal",
        "text": "I'm fine"
      },
      {
        "intent": "fine_normal",
        "text": "I'm good"
      },
      {
        "intent": "fine_normal",
        "text": "Can't complain."
      },
      {
        "intent": "fine_normal",
        "text": "no complaints here"
      },
      {
        "intent": "fine_normal",
        "text": "Okay"
      },
      {
        "intent": "fine_normal",
        "text": "alright"
      },
      {
        "intent": "fine_normal",
        "text": "Good"
      },
      {
        "intent": "fine_normal",
        "text": "Well"
      },
      {
        "intent": "fine_normal",
        "text": "Doing well"
      },
      {
        "intent": "fine_normal",
        "text": "Doing good"
      },
      {
        "intent": "fine_normal",
        "text": "doing alright"
      },
      {
        "intent": "fine_normal",
        "text": "Excellent!"
      },
      {
        "intent": "fine_normal",
        "text": "exceptional"
      },
      {
        "intent": "fine_normal",
        "text": "Wonderful"
      },
      {
        "intent": "fine_normal",
        "text": "I'm doing fantastic."
      },
      {
        "intent": "less_than_great_normal",
        "text": "not well"
      },
      {
        "intent": "less_than_great_normal",
        "text": "Less than average"
      },
      {
        "intent": "less_than_great_normal",
        "text": "unfortunately, I'm not doing great"
      },
      {
        "intent": "less_than_great_normal",
        "text": "not great"
      },
      {
        "intent": "less_than_great_normal",
        "text": "Not so great"
      },
      {
        "intent": "less_than_great_normal",
        "text": "I'm not doing well."
      },
      {
        "intent": "less_than_great_normal",
        "text": "Not doing good."
      },
      {
        "intent": "less_than_great_normal",
        "text": "I'm having troubles."
      },
      {
        "intent": "less_than_great_normal",
        "text": "ehh"
      },
      {
        "intent": "less_than_great_ask",
        "text": "not well. Wbu?"
      },
      {
        "intent": "less_than_great_ask",
        "text": "Less than average. How are you?"
      },
      {
        "intent": "less_than_great_ask",
        "text": "Not well. I hope you are doing better than me."
      },
      {
        "intent": "less_than_great_ask",
        "text": "I hope your day is going better than mine."
      },
      {
        "intent": "less_than_great_ask",
        "text": "ehh. you?"
      },
      {
        "intent": "less_than_great_ask",
        "text": "i'm having some troubles. How are you?"
      },
      {
        "intent": "news",
        "entities": [
          {
            "start": 34,
            "end": 39,
            "value": "world",
            "entity": "category"
          }
        ],
        "text": "Share some latest news around the world?"
      },
      {
        "intent": "news",
        "entities": [
          {
            "start": 26,
            "end": 32,
            "value": "sports",
            "entity": "category"
          }
        ],
        "text": "Share some latest news in sports?"
      },
      {
        "intent": "news",
        "entities": [
          {
            "start": 20,
            "end": 30,
            "value": "technology",
            "entity": "category"
          }
        ],
        "text": "What is going on in technology?"
      },
      {
        "intent": "news",
        "entities": [
          {
            "start": 24,
            "end": 31,
            "value": "fashion",
            "entity": "category"
          }
        ],
        "text": "Tell me some news about fashion"
      },
      {
        "intent": "news",
        "entities": [
          {
            "start": 24,
            "end": 32,
            "value": "business",
            "entity": "category"
          }
        ],
        "text": "Tell me some news about business"
      },
      {
        "intent": "news",
        "entities": [
          {
            "start": 24,
            "end": 28,
            "value": "arts",
            "entity": "category"
          }
        ],
        "text": "Tell me some news about arts"
      },
      {
        "intent": "news",
        "entities": [
          {
            "start": 20,
            "end": 24,
            "value": "arts",
            "entity": "category"
          }
        ],
        "text": "What is going on in arts"
      },
      {
        "intent": "news",
        "entities": [
          {
            "start": 19,
            "end": 23,
            "value": "food",
            "entity": "category"
          }
        ],
        "text": "What is cooking in food"
      },
      {
        "intent": "news",
        "entities": [
          {
            "start": 0,
            "end": 6,
            "value": "movies",
            "entity": "category"
          }
        ],
        "text": "movies"
      },
      {
        "intent": "thanks",
        "text": "Thanks!"
      },
      {
        "intent": "thanks",
        "text": "Thank you so much"
      },
      {
        "intent": "thanks",
        "text": "thank you"
      },
      {
        "intent": "thanks",
        "text": "Ty"
      },
      {
        "intent": "thanks",
        "text": "tanks"
      },
      {
        "intent": "thanks",
        "text": "thanks"
      },
      {
        "intent": "thanks",
        "text": "thank u :)"
      },
      {
        "intent": "bye",
        "text": "No, I am good as of now. Bye"
      },
      {
        "intent": "bye",
        "text": "Bye"
      },
      {
        "intent": "bye",
        "text": "Bbye"
      },
      {
        "intent": "bye",
        "text": "see ya"
      },
      {
        "intent": "bye",
        "text": "ttyl"
      },
      {
        "intent": "bye",
        "text": "Talk to you later"
      },
      {
        "intent": "bye",
        "text": "Thanks, bye."
      },
      {
        "intent": "bye",
        "text": "Goodbye"
      },
      {
        "intent": "bye",
        "text": "Bye bye"
      },
      {
        "intent": "bye",
        "text": "g'day"
      },
      {
        "intent": "bye",
        "text": "Have a good day."
      },
      {
        "intent": "bye",
        "text": "have a good rest of your day"
      },
      {
        "intent": "help",
        "text": "Hello, I need help."
      },
      {
        "intent": "help",
        "text": "I am having trouble."
      },
      {
        "intent": "help",
        "text": "help please"
      },
      {
        "intent": "help",
        "text": "plz help"
      },
      {
        "intent": "help",
        "text": "I need assistance"
      },
      {
        "intent": "help",
        "text": "could you provide me with some guidance please?"
      },
      {
        "intent": "help",
        "text": "Can you help me?"
      },
      {
        "intent": "help",
        "text": "Can you help me get to the solution?"
      },
      {
        "intent": "okay",
        "text": "okay"
      },
      {
        "intent": "okay",
        "text": "alright"
      },
      {
        "intent": "okay",
        "text": "let me do that"
      },
      {
        "intent": "okay",
        "text": "Sounds good."
      },
      {
        "intent": "okay",
        "text": "I will work on that."
      },
      {
        "intent": "getting_started",
        "text": "I'm unsure where to begin."
      },
      {
        "intent": "getting_started",
        "text": "idk where to start"
      },
      {
        "intent": "getting_started",
        "text": "How do I start?"
      },
      {
        "intent": "getting_started",
        "text": "I'm confused about the assigment."
      },
      {
        "intent": "pseudocode_tips",
        "text": "Give me tips for writing pseudocode."
      },
      {
        "intent": "pseudocode_tips",
        "text": "Okay, give me some tips for my pseudocode please."
      },
      {
        "intent": "pseudocode_tips",
        "text": "Plz give me pseudocode help."
      },
      {
        "intent": "pseudocode_tips",
        "text": "How can I write pseudocode?"
      },
      {
        "intent": "pseudocode_tips",
        "text": "How do I write pseudocode?"
      },
      {
        "intent": "pseudocode_tips",
        "text": "psuedocode"
      },
      {
        "intent": "compile_error",
        "text": "my code won't compile"
      },
      {
        "intent": "compile_error",
        "text": "I have a compile error."
      },
      {
        "intent": "compile_error",
        "text": "I have a compilation error."
      },
      {
        "intent": "compile_error",
        "text": "I have a compiler error."
      },
      {
        "intent": "compile_error",
        "text": "My code won't run."
      },
      {
        "intent": "compile_error",
        "text": "compile-time error"
      },
      {
        "intent": "compile_error",
        "text": "compilation error"
      },
      {
        "intent": "compile_error",
        "text": "compilation"
      },
      {
        "intent": "compile_error",
        "text": "compile help"
      },
      {
        "intent": "compile_error",
        "text": "help with compiling"
      },
      {
        "intent": "compile_error",
        "text": "I need help with compiling my code."
      },
      {
        "intent": "compile_error",
        "text": "Help me with compiling."
      },
      {
        "intent": "style_tips",
        "text": "Give me coding tips."
      },
      {
        "intent": "style_tips",
        "text": "Give me some tips to write good code."
      },
      {
        "intent": "style_tips",
        "text": "Can you help me write good code?"
      },
      {
        "intent": "style_tips",
        "text": "Can you help me to write better code?"
      },
      {
        "intent": "style_tips",
        "text": "How to write expert style code?"
      },
      {
        "intent": "style_tips",
        "text": "Help me write good code."
      },
      {
        "intent": "style_tips",
        "text": "coding tips"
      },
      {
        "intent": "style_tips",
        "text": "best practice tips"
      },
      {
        "intent": "style_tips",
        "text": "expert style code"
      },
      {
        "intent": "style_tips",
        "text": "good code"
      },
      {
        "intent": "style_tips",
        "text": "tips"
      },
      {
        "intent": "style_tips",
        "text": "good tips"
      },
      {
        "intent": "style_tips",
        "text": "tips on writing code"
      },
      {
        "intent": "user_says_yes",
        "text": "yes"
      },
      {
        "intent": "user_says_yes",
        "text": "yeah"
      },
      {
        "intent": "user_says_yes",
        "text": "ye"
      },
      {
        "intent": "user_says_yes",
        "text": "yes ma'am"
      },
      {
        "intent": "user_says_yes",
        "text": "yes sir"
      },
      {
        "intent": "user_says_yes",
        "text": "ya"
      },
      {
        "intent": "user_says_yes",
        "text": "yep"
      },
      {
        "intent": "user_says_yes",
        "text": "yeppers"
      },
      {
        "intent": "user_says_yes",
        "text": "yes'm"
      },
      {
        "intent": "user_says_yes",
        "text": "yes it is"
      },
      {
        "intent": "user_says_yes",
        "text": "it is"
      },
      {
        "intent": "user_says_no",
        "text": "no"
      },
      {
        "intent": "user_says_no",
        "text": "nope"
      },
      {
        "intent": "user_says_no",
        "text": "no sir"
      },
      {
        "intent": "user_says_no",
        "text": "no ma'am"
      },
      {
        "intent": "user_says_no",
        "text": "nopers"
      },
      {
        "intent": "user_says_no",
        "text": "nah"
      },
      {
        "intent": "user_says_no",
        "text": "it is not"
      },
      {
        "intent": "syntaxError",
        "text": "SyntaxError"
      },
      {
        "intent": "syntaxError",
        "text": "syntax"
      },
      {
        "intent": "syntaxError",
        "text": "syntax error"
      },
      {
        "intent": "syntaxError",
        "text": "I have a syntaxerror"
      },
      {
        "intent": "syntaxError",
        "text": "It is a syntax error"
      },
      {
        "intent": "syntaxError",
        "text": "It's SyntaxError"
      },
      {
        "intent": "syntaxError",
        "text": "I have a syntax compilation error."
      },
      {
        "intent": "typeError",
        "text": "TypeError"
      },
      {
        "intent": "typeError",
        "text": "type error"
      },
      {
        "intent": "typeError",
        "text": "typeerror"
      },
      {
        "intent": "typeError",
        "text": "I have a type error"
      },
      {
        "intent": "typeError",
        "text": "I have a typeerror"
      },
      {
        "intent": "typeError",
        "text": "It's a type error"
      },
      {
        "intent": "typeError",
        "text": "I have a type compilation error."
      },
      {
        "intent": "indentationError",
        "text": "IndentationError"
      },
      {
        "intent": "indentationError",
        "text": "indentation error"
      },
      {
        "intent": "indentationError",
        "text": "indent error"
      },
      {
        "intent": "indentationError",
        "text": "indentationerror"
      },
      {
        "intent": "indentationError",
        "text": "i have an indent error"
      },
      {
        "intent": "indentationError",
        "text": "It's an indentation error."
      },
      {
        "intent": "indentationError",
        "text": "I have an indentation compilation error."
      },
      {
        "intent": "nameError",
        "text": "NameError"
      },
      {
        "intent": "nameError",
        "text": "name error"
      },
      {
        "intent": "nameError",
        "text": "name"
      },
      {
        "intent": "nameError",
        "text": "nameerror"
      },
      {
        "intent": "nameError",
        "text": "I have a name error"
      },
      {
        "intent": "nameError",
        "text": "I have a name compilation error."
      },
      {
        "intent": "nameError",
        "text": "It is a name error."
      },
      {
        "intent": "nameError",
        "text": "name errr"
      }
    ],
    "regex_features": [],
    "lookup_tables": [],
    "entity_synonyms": []
  }
}